index,YEAR,cropType,GEO,seededArea,harvestedArea,production,avgYield
0,1965-12-31,Barley,Alberta,1372000,1372000,2504000,1825
1,1965-12-31,Barley,Canada,2476800,2476800,4752900,1920
2,1965-12-31,Barley,Saskatchewan,708000,708000,1415000,2000
3,1965-12-31,Canola,Alberta,297400,297400,215500,725
4,1965-12-31,Canola,Canada,580700,580700,512600,885
5,1965-12-31,Canola,Saskatchewan,224600,224600,242700,1080
6,1965-12-31,Rye,Alberta,81000,81000,116400,1435
7,1965-12-31,Rye,Canada,323900,323900,453400,1400
8,1965-12-31,Rye,Saskatchewan,166000,166000,224000,1350
9,1965-12-31,Wheat,Alberta,2448000,2448000,4164000,1700
10,1965-12-31,Wheat,Canada,11451650,11451650,17673950,1545
11,1965-12-31,Wheat,Saskatchewan,7486000,7486000,10886000,1455
12,1966-12-31,Barley,Alberta,1570000,1570000,3462000,2205
13,1966-12-31,Barley,Canada,3019600,3019600,6449950,2135
14,1966-12-31,Barley,Saskatchewan,913000,913000,1981000,2170
15,1966-12-31,Canola,Alberta,252500,252500,249500,990
16,1966-12-31,Canola,Canada,617100,617100,585100,950
17,1966-12-31,Canola,Saskatchewan,295800,295800,288000,975
18,1966-12-31,Rye,Alberta,70000,70000,109000,1555
19,1966-12-31,Rye,Canada,293400,293400,437600,1490
20,1966-12-31,Rye,Saskatchewan,161000,161000,228600,1420
21,1966-12-31,Wheat,Alberta,2633000,2633000,5198000,1975
22,1966-12-31,Wheat,Canada,12016000,12016000,22516850,1875
23,1966-12-31,Wheat,Saskatchewan,7853000,7853000,14615000,1860
24,1967-12-31,Barley,Alberta,1732000,1732000,3005000,1735
25,1967-12-31,Barley,Canada,3286850,3286850,5505800,1675
26,1967-12-31,Barley,Saskatchewan,951000,951000,1372000,1445
27,1967-12-31,Canola,Alberta,354100,354100,276700,780
28,1967-12-31,Canola,Canada,661700,661700,563600,850
29,1967-12-31,Canola,Saskatchewan,242800,242800,231300,955
30,1967-12-31,Rye,Alberta,65000,65000,79200,1220
31,1967-12-31,Rye,Canada,278200,278200,304500,1095
32,1967-12-31,Rye,Saskatchewan,133000,133000,119800,900
33,1967-12-31,Wheat,Alberta,2582000,2582000,3946000,1530
34,1967-12-31,Wheat,Canada,12189500,12189500,16136450,1325
35,1967-12-31,Wheat,Saskatchewan,7960000,7960000,9226000,1160
36,1968-12-31,Barley,Alberta,1882000,1882000,3875000,2060
37,1968-12-31,Barley,Canada,3583300,3583300,7098200,1980
38,1968-12-31,Barley,Saskatchewan,1016000,1016000,1742000,1715
39,1968-12-31,Canola,Alberta,182100,182100,170100,935
40,1968-12-31,Canola,Canada,427300,427300,441400,1035
41,1968-12-31,Canola,Saskatchewan,206800,206800,226800,1095
42,1968-12-31,Rye,Alberta,46000,46000,60700,1320
43,1968-12-31,Rye,Canada,274100,274100,330400,1205
44,1968-12-31,Rye,Saskatchewan,156000,156000,164900,1055
45,1968-12-31,Wheat,Alberta,2614000,2614000,4518000,1730
46,1968-12-31,Wheat,Canada,11908200,11908200,17690400,1485
47,1968-12-31,Wheat,Saskatchewan,7689000,7689000,10125000,1315
48,1969-12-31,Barley,Alberta,1983000,1983000,4267000,2150
49,1969-12-31,Barley,Canada,3787950,3787950,8082800,2135
50,1969-12-31,Barley,Saskatchewan,1093000,1093000,2373000,2170
51,1969-12-31,Canola,Alberta,330200,330200,265400,805
52,1969-12-31,Canola,Canada,818200,818200,760300,930
53,1969-12-31,Canola,Saskatchewan,404700,404700,412800,1020
54,1969-12-31,Rye,Alberta,73000,73000,89400,1225
55,1969-12-31,Rye,Canada,343700,343700,385700,1120
56,1969-12-31,Rye,Saskatchewan,178000,178000,176500,990
57,1969-12-31,Wheat,Alberta,2144000,2144000,3810000,1775
58,1969-12-31,Wheat,Canada,10101600,10101600,18267950,1810
59,1969-12-31,Wheat,Saskatchewan,6718000,6718000,12193000,1815
60,1970-12-31,Barley,Alberta,1821000,1821000,4115000,2260
61,1970-12-31,Barley,Canada,4003250,4003250,8889250,2220
62,1970-12-31,Barley,Saskatchewan,1335000,1335000,3092000,2315
63,1970-12-31,Canola,Alberta,586800,586800,578300,985
64,1970-12-31,Canola,Canada,1648700,1648700,1646500,1000
65,1970-12-31,Canola,Saskatchewan,890300,890300,895800,1005
66,1970-12-31,Rye,Alberta,91000,91000,132200,1455
67,1970-12-31,Rye,Canada,336700,336700,479800,1425
68,1970-12-31,Rye,Saskatchewan,166000,166000,228200,1375
69,1970-12-31,Wheat,Alberta,1052000,1052000,1959000,1860
70,1970-12-31,Wheat,Canada,5053000,5053000,9023050,1785
71,1970-12-31,Wheat,Saskatchewan,3238000,3238000,5715000,1765
72,1971-12-31,Barley,Alberta,2302000,2302000,4877000,2120
73,1971-12-31,Barley,Canada,5657500,5657500,13099250,2315
74,1971-12-31,Barley,Saskatchewan,2255000,2255000,5487000,2435
75,1971-12-31,Canola,Alberta,804500,804500,725700,900
76,1971-12-31,Canola,Canada,2161400,2161400,2165900,1000
77,1971-12-31,Canola,Saskatchewan,1107600,1107600,1156700,1045
78,1971-12-31,Rye,Alberta,101000,101000,152200,1505
79,1971-12-31,Rye,Canada,386400,386400,556600,1440
80,1971-12-31,Rye,Saskatchewan,213000,213000,285200,1340
81,1971-12-31,Wheat,Alberta,1393000,1393000,2477000,1780
82,1971-12-31,Wheat,Canada,7852050,7852050,14411900,1835
83,1971-12-31,Wheat,Saskatchewan,5229000,5229000,9389000,1795
84,1972-12-31,Barley,Alberta,2104000,2104000,5008000,2380
85,1972-12-31,Barley,Canada,5061950,5061950,11284850,2230
86,1972-12-31,Barley,Saskatchewan,1862000,1862000,3854000,2070
87,1972-12-31,Canola,Alberta,526100,526100,544300,1035
88,1972-12-31,Canola,Canada,1342700,1342700,1317700,980
89,1972-12-31,Canola,Saskatchewan,607000,607000,562500,925
90,1972-12-31,Rye,Alberta,89000,89000,128700,1445
91,1972-12-31,Rye,Canada,258400,258400,347500,1345
92,1972-12-31,Rye,Saskatchewan,113000,113000,127400,1125
93,1972-12-31,Wheat,Alberta,1740000,1740000,3211000,1845
94,1972-12-31,Wheat,Canada,8640300,8640300,14514450,1680
95,1972-12-31,Wheat,Saskatchewan,5625000,5625000,8872000,1575
96,1973-12-31,Barley,Alberta,2145000,2044000,4289000,2100
97,1973-12-31,Barley,Canada,4936800,4835800,10217800,2115
98,1973-12-31,Barley,Saskatchewan,1700000,1700000,3571000,2100
99,1973-12-31,Canola,Alberta,526100,526100,487600,925
100,1973-12-31,Canola,Canada,1297100,1297100,1223700,945
101,1973-12-31,Canola,Saskatchewan,586800,586800,544300,930
102,1973-12-31,Rye,Alberta,97000,97000,147200,1520
103,1973-12-31,Rye,Canada,259800,259800,369000,1420
104,1973-12-31,Rye,Saskatchewan,105000,105000,125100,1190
105,1973-12-31,Wheat,Alberta,1902000,1902000,3456000,1815
106,1973-12-31,Wheat,Canada,9576650,9576650,16160350,1685
107,1973-12-31,Wheat,Saskatchewan,6232000,6232000,10069000,1615
108,1974-12-31,Barley,Alberta,2145000,2104000,4180000,1985
109,1974-12-31,Barley,Canada,4851700,4769150,8790650,1845
110,1974-12-31,Barley,Saskatchewan,1700000,1700000,2918000,1715
111,1974-12-31,Canola,Alberta,465400,465400,424100,910
112,1974-12-31,Canola,Canada,1278800,1278800,1163500,910
113,1974-12-31,Canola,Saskatchewan,586800,586800,526200,895
114,1974-12-31,Rye,Alberta,142000,142000,210200,1480
115,1974-12-31,Rye,Canada,351900,351900,498400,1415
116,1974-12-31,Rye,Saskatchewan,142000,142000,175800,1240
117,1974-12-31,Wheat,Alberta,1700000,1700000,2776000,1635
118,1974-12-31,Wheat,Canada,8937950,8937950,13302300,1490
119,1974-12-31,Wheat,Saskatchewan,5868000,5868000,8273000,1410
120,1975-12-31,Barley,Alberta,2226000,2185000,4964000,2270
121,1975-12-31,Barley,Canada,4586450,4462450,9509000,2130
122,1975-12-31,Barley,Saskatchewan,1458000,1416000,2830000,2000
123,1975-12-31,Canola,Alberta,688000,688000,691700,1005
124,1975-12-31,Canola,Canada,1829200,1829200,1839200,1005
125,1975-12-31,Canola,Saskatchewan,809400,809400,839100,1035
126,1975-12-31,Rye,Alberta,121000,121000,216000,1785
127,1975-12-31,Rye,Canada,333300,333300,550300,1650
128,1975-12-31,Rye,Saskatchewan,131000,131000,190600,1455
129,1975-12-31,Wheat,Alberta,1821000,1821000,3674000,2020
130,1975-12-31,Wheat,Canada,9480550,9480550,17081600,1800
131,1975-12-31,Wheat,Saskatchewan,6152000,6152000,10533000,1710
132,1976-12-31,Barley,Alberta,2307000,2246000,5487000,2445
133,1976-12-31,Barley,Canada,4475450,4352950,10513690,2415
134,1976-12-31,Barley,Saskatchewan,1255500,1194000,2961000,2480
135,1976-12-31,Canola,Alberta,303500,303500,335700,1105
136,1976-12-31,Canola,Canada,719500,719500,836900,1165
137,1976-12-31,Canola,Saskatchewan,303500,303500,387800,1280
138,1976-12-31,Rye,Alberta,75000,75000,131700,1755
139,1976-12-31,Rye,Canada,250700,250700,439900,1755
140,1976-12-31,Rye,Saskatchewan,108000,108000,180200,1670
141,1976-12-31,Wheat,Alberta,2266000,2266000,4953000,2185
142,1976-12-31,Wheat,Canada,11251950,11251950,23586674,2095
143,1976-12-31,Wheat,Saskatchewan,7163000,7163000,14996000,2095
144,1977-12-31,Barley,Alberta,2307000,2206000,5443000,2465
145,1977-12-31,Barley,Canada,4873600,4752600,11801900,2485
146,1977-12-31,Barley,Saskatchewan,1558000,1538000,3723000,2420
147,1977-12-31,Canola,Alberta,627300,627300,805100,1285
148,1977-12-31,Canola,Canada,1452800,1452800,1973100,1360
149,1977-12-31,Canola,Saskatchewan,586800,586800,839100,1430
150,1977-12-31,Rye,Alberta,81000,81000,126700,1565
151,1977-12-31,Rye,Canada,250000,250000,406500,1625
152,1977-12-31,Rye,Saskatchewan,101000,101000,152000,1505
153,1977-12-31,Wheat,Alberta,1942000,1942000,3239000,1670
154,1977-12-31,Wheat,Canada,10115600,10115600,19858700,1965
155,1977-12-31,Wheat,Saskatchewan,6556000,6556000,12846000,1960
156,1978-12-31,Barley,Alberta,2145000,2044000,4964000,2430
157,1978-12-31,Barley,Canada,4392500,4266500,10397850,2435
158,1978-12-31,Barley,Saskatchewan,1280000,1255000,2918000,2325
159,1978-12-31,Canola,Alberta,1193800,1193800,1406100,1180
160,1978-12-31,Canola,Canada,2824600,2824600,3497100,1240
161,1978-12-31,Canola,Saskatchewan,1133100,1133100,1451500,1280
162,1978-12-31,Rye,Alberta,101000,101000,223200,2210
163,1978-12-31,Rye,Canada,317800,317800,605200,1905
164,1978-12-31,Rye,Saskatchewan,141000,141000,236500,1675
165,1978-12-31,Wheat,Alberta,2064000,2064000,4136000,2005
166,1978-12-31,Wheat,Canada,10575600,10575600,21135600,2000
167,1978-12-31,Wheat,Saskatchewan,6920000,6920000,13607000,1965
168,1979-12-31,Barley,Alberta,1902000,1841000,4550000,2470
169,1979-12-31,Barley,Canada,3828000,3729000,8478050,2275
170,1979-12-31,Barley,Saskatchewan,1090000,1052000,1960000,1865
171,1979-12-31,Canola,Alberta,1416400,1416400,1440200,1015
172,1979-12-31,Canola,Canada,3407500,3407500,3411100,1000
173,1979-12-31,Canola,Saskatchewan,1335500,1335500,1281400,960
174,1979-12-31,Rye,Alberta,101000,101000,175700,1740
175,1979-12-31,Rye,Canada,332200,332200,530400,1595
176,1979-12-31,Rye,Saskatchewan,146000,146000,203700,1395
177,1979-12-31,Wheat,Alberta,2105000,2105000,4028000,1915
178,1979-12-31,Wheat,Canada,10523600,10523600,17196300,1635
179,1979-12-31,Wheat,Saskatchewan,6920000,6920000,10206000,1475
180,1980-12-31,Barley,Alberta,2286000,2226000,6075000,2730
181,1980-12-31,Barley,Canada,4848700,4686700,11395250,2430
182,1980-12-31,Barley,Saskatchewan,1376000,1315000,2787000,2120
183,1980-12-31,Canola,Alberta,890300,890300,1134000,1275
184,1980-12-31,Canola,Canada,2080100,2080100,2483400,1195
185,1980-12-31,Canola,Saskatchewan,809400,809400,997900,1235
186,1980-12-31,Rye,Alberta,101000,101000,183300,1815
187,1980-12-31,Rye,Canada,313200,313200,455800,1455
188,1980-12-31,Rye,Saskatchewan,111000,111000,108400,975
189,1980-12-31,Wheat,Alberta,2429000,2429000,5389000,2220
190,1980-12-31,Wheat,Canada,11209450,11209450,19291400,1720
191,1980-12-31,Wheat,Saskatchewan,7122000,7122000,10940000,1535
192,1981-12-31,Barley,Alberta,2651000,2610000,6967000,2670
193,1981-12-31,Barley,Canada,5538100,5476100,13724150,2510
194,1981-12-31,Barley,Saskatchewan,1518000,1497000,3331000,2230
195,1981-12-31,Canola,Alberta,586800,586800,759800,1290
196,1981-12-31,Canola,Canada,1401400,1401400,1848500,1320
197,1981-12-31,Canola,Saskatchewan,546300,546300,759800,1390
198,1981-12-31,Rye,Alberta,121000,121000,319800,2640
199,1981-12-31,Rye,Canada,441600,441600,922900,2090
200,1981-12-31,Rye,Saskatchewan,202000,202000,330100,1630
201,1981-12-31,Wheat,Alberta,2711000,2711000,6221000,2290
202,1981-12-31,Wheat,Canada,12425400,12425400,24802200,2000
203,1981-12-31,Wheat,Saskatchewan,7830000,7830000,14288000,1820
204,1982-12-31,Barley,Alberta,2610000,2469000,6575000,2660
205,1982-12-31,Barley,Canada,5351700,5148700,13965000,2710
206,1982-12-31,Barley,Saskatchewan,1437000,1396000,3636000,2600
207,1982-12-31,Canola,Alberta,768900,768900,975200,1270
208,1982-12-31,Canola,Canada,1768500,1768500,2218100,1250
209,1982-12-31,Canola,Saskatchewan,607000,607000,793800,1310
210,1982-12-31,Rye,Alberta,117000,117000,228200,1950
211,1982-12-31,Rye,Canada,454700,454700,928300,2040
212,1982-12-31,Rye,Saskatchewan,200000,200000,390700,1950
213,1982-12-31,Wheat,Alberta,2752000,2752000,5988000,2180
214,1982-12-31,Wheat,Canada,12521000,12521000,26714750,2130
215,1982-12-31,Wheat,Saskatchewan,7931000,7931000,16438000,2070
216,1983-12-31,Barley,Alberta,2226000,2064000,5095000,2470
217,1983-12-31,Barley,Canada,4615800,4332800,10209000,2360
218,1983-12-31,Barley,Saskatchewan,1214000,1113000,2417000,2170
219,1983-12-31,Canola,Alberta,1012000,1012000,1066000,1050
220,1983-12-31,Canola,Canada,2313900,2313900,2593300,1120
221,1983-12-31,Canola,Saskatchewan,850000,850000,1066000,1250
222,1983-12-31,Rye,Alberta,103200,103200,210400,2040
223,1983-12-31,Rye,Canada,425000,425000,822700,1940
224,1983-12-31,Rye,Saskatchewan,190200,190200,348000,1830
225,1983-12-31,Wheat,Alberta,3115000,3115000,6804000,2180
226,1983-12-31,Wheat,Canada,13680500,13680500,26464200,1930
227,1983-12-31,Wheat,Saskatchewan,8377000,8377000,15213000,1820
228,1984-12-31,Barley,Alberta,2327000,2104000,4638000,2200
229,1984-12-31,Barley,Canada,4908000,4557000,10278600,2260
230,1984-12-31,Barley,Saskatchewan,1396000,1295000,2460000,1900
231,1984-12-31,Canola,Alberta,1214000,1214000,1361000,1120
232,1984-12-31,Canola,Canada,3071300,3071300,3411900,1110
233,1984-12-31,Canola,Saskatchewan,1295000,1295000,1429000,1100
234,1984-12-31,Rye,Alberta,78900,78900,137400,1740
235,1984-12-31,Rye,Canada,363300,363300,652300,1800
236,1984-12-31,Rye,Saskatchewan,158200,158200,229700,1450
237,1984-12-31,Wheat,Alberta,2954000,2954000,4883000,1650
238,1984-12-31,Wheat,Canada,13160900,13160900,21187900,1610
239,1984-12-31,Wheat,Saskatchewan,8094000,8094000,11485000,1420
240,1985-12-31,Barley,Alberta,2489000,2125000,4768000,2240
241,1985-12-31,Barley,Canada,5244300,4750300,12387000,2610
242,1985-12-31,Barley,Saskatchewan,1518000,1416000,3636000,2570
243,1985-12-31,Canola,Alberta,1133000,1133000,1247000,1100
244,1985-12-31,Canola,Canada,2783300,2783300,3497900,1260
245,1985-12-31,Canola,Saskatchewan,1174000,1174000,1542000,1310
246,1985-12-31,Rye,Alberta,81200,81200,119400,1470
247,1985-12-31,Rye,Canada,353000,353000,568900,1610
248,1985-12-31,Rye,Saskatchewan,162200,162200,205400,1270
249,1985-12-31,Wheat,Alberta,3076000,3076000,4899000,1590
250,1985-12-31,Wheat,Canada,13729200,13729200,24252200,1770
251,1985-12-31,Wheat,Saskatchewan,8357000,8357000,12854000,1540
252,1986-12-31,Barley,Alberta,2387600,2246000,7184900,3200
253,1986-12-31,Barley,Canada,5057000,4828700,14568000,3000
254,1986-12-31,Barley,Saskatchewan,1489200,1436600,3940800,2700
255,1986-12-31,Canola,Alberta,1133100,1133100,1587600,1400
256,1986-12-31,Canola,Canada,2629600,2629600,3713700,1400
257,1986-12-31,Canola,Saskatchewan,1019800,1019800,1440200,1400
258,1986-12-31,Rye,Alberta,91000,60700,142200,2300
259,1986-12-31,Rye,Canada,323300,268100,514600,1900
260,1986-12-31,Rye,Saskatchewan,170000,153700,261700,1700
261,1986-12-31,Wheat,Alberta,3083700,3075600,7212300,2300
262,1986-12-31,Wheat,Canada,14291000,14231100,31359300,2200
263,1986-12-31,Wheat,Saskatchewan,8797800,8765400,18370200,2100
264,1987-12-31,Barley,Alberta,2387600,2266200,6586200,2900
265,1987-12-31,Barley,Canada,5213000,4992600,13916100,2800
266,1987-12-31,Barley,Saskatchewan,1598500,1537800,3919000,2500
267,1987-12-31,Canola,Alberta,1173600,1173600,1667000,1400
268,1987-12-31,Canola,Canada,2614300,2614300,3719500,1400
269,1987-12-31,Canola,Saskatchewan,991500,991500,1406100,1400
270,1987-12-31,Rye,Alberta,105200,70800,121900,1700
271,1987-12-31,Rye,Canada,333800,256900,408900,1600
272,1987-12-31,Rye,Saskatchewan,174000,137600,198100,1400
273,1987-12-31,Wheat,Alberta,2946000,2942000,5796600,2000
274,1987-12-31,Wheat,Canada,13498100,13457700,25945300,1900
275,1987-12-31,Wheat,Saskatchewan,8263700,8235400,15211000,1800
276,1988-12-31,Barley,Alberta,2023400,1902000,5856800,3100
277,1988-12-31,Barley,Canada,4529000,4191100,10326100,2500
278,1988-12-31,Barley,Saskatchewan,1396200,1254500,2111900,1700
279,1988-12-31,Canola,Alberta,1456900,1456900,1973100,1400
280,1988-12-31,Canola,Canada,3715100,3715100,4218300,1100
281,1988-12-31,Canola,Saskatchewan,1558000,1558000,1542200,1000
282,1988-12-31,Rye,Alberta,129500,76900,99100,1300
283,1988-12-31,Rye,Canada,382800,251400,277000,1100
284,1988-12-31,Rye,Saskatchewan,182100,111300,86400,800
285,1988-12-31,Wheat,Alberta,2836800,2812500,5233400,1900
286,1988-12-31,Wheat,Canada,13061700,12944300,15912700,1200
287,1988-12-31,Wheat,Saskatchewan,7851000,7770000,6858200,900
288,1989-12-31,Barley,Alberta,2205500,2084100,5726200,2700
289,1989-12-31,Barley,Canada,4964100,4727400,11784100,2500
290,1989-12-31,Barley,Saskatchewan,1618700,1558000,3135200,2000
291,1989-12-31,Canola,Alberta,1092700,1092700,1406100,1300
292,1989-12-31,Canola,Canada,2917900,2917900,3209200,1100
293,1989-12-31,Canola,Saskatchewan,1335500,1335500,1360800,1000
294,1989-12-31,Rye,Alberta,137600,82900,152400,1800
295,1989-12-31,Rye,Canada,565800,454400,806400,1800
296,1989-12-31,Rye,Saskatchewan,283300,257000,408900,1600
297,1989-12-31,Wheat,Alberta,3144400,3083700,6457400,2100
298,1989-12-31,Wheat,Canada,13840800,13717500,24796200,1800
299,1989-12-31,Wheat,Saskatchewan,8134100,8097700,12778100,1600
300,1990-12-31,Barley,Alberta,2205500,2063900,6248700,3000
301,1990-12-31,Barley,Canada,4769100,4528700,13441400,3000
302,1990-12-31,Barley,Saskatchewan,1497300,1436600,3897300,2700
303,1990-12-31,Canola,Alberta,991500,991500,1281400,1300
304,1990-12-31,Canola,Canada,2529300,2529300,3265900,1300
305,1990-12-31,Canola,Saskatchewan,1133100,1133100,1451500,1300
306,1990-12-31,Rye,Alberta,117400,56700,91400,1600
307,1990-12-31,Rye,Canada,531400,341100,599400,1800
308,1990-12-31,Rye,Saskatchewan,305600,188200,299700,1600
309,1990-12-31,Wheat,Alberta,3144400,3140300,6994800,2200
310,1990-12-31,Wheat,Canada,14134400,14097500,32098300,2300
311,1990-12-31,Wheat,Saskatchewan,8316300,8308200,17485900,2100
312,1991-12-31,Barley,Alberta,2187052,2023400,5878600,2900
313,1991-12-31,Barley,Canada,4524448,4216800,11617300,2800
314,1991-12-31,Barley,Saskatchewan,1343187,1254500,3069900,2400
315,1991-12-31,Canola,Alberta,1206825,1206825,1621600,1300
316,1991-12-31,Canola,Canada,3140525,3140525,4224200,1300
317,1991-12-31,Canola,Saskatchewan,1359352,1359352,1723700,1300
318,1991-12-31,Rye,Alberta,70964,32400,76200,2400
319,1991-12-31,Rye,Canada,290616,180690,338700,1900
320,1991-12-31,Rye,Saskatchewan,128262,91000,147300,1600
321,1991-12-31,Wheat,Alberta,3152832,3122146,7772700,2500
322,1991-12-31,Wheat,Canada,14213175,14160890,31945600,2300
323,1991-12-31,Wheat,Saskatchewan,8603239,8595120,18501200,2200
324,1992-12-31,Barley,Alberta,1942500,1760400,4855300,2800
325,1992-12-31,Barley,Canada,4086700,3792200,11031500,2900
326,1992-12-31,Barley,Saskatchewan,1254500,1185700,3157000,2700
327,1992-12-31,Canola,Alberta,1153400,1112900,1349400,1200
328,1992-12-31,Canola,Canada,3235500,3045300,3872400,1300
329,1992-12-31,Canola,Saskatchewan,1375900,1254500,1474200,1200
330,1992-12-31,Rye,Alberta,70800,38400,75000,2000
331,1992-12-31,Rye,Canada,226900,145400,281100,1900
332,1992-12-31,Rye,Saskatchewan,85000,62700,109200,1700
333,1992-12-31,Wheat,Alberta,3259800,3075500,6327600,2100
334,1992-12-31,Wheat,Canada,14391200,13829700,29877200,2200
335,1992-12-31,Wheat,Saskatchewan,8557100,8284100,16192100,2000
336,1993-12-31,Barley,Alberta,2063900,1821100,6314000,3500
337,1993-12-31,Barley,Canada,4559200,4159000,12972100,3100
338,1993-12-31,Barley,Saskatchewan,1618700,1497300,4245600,2800
339,1993-12-31,Canola,Alberta,1477100,1473100,2154600,1500
340,1993-12-31,Canola,Canada,4172300,4123800,5524900,1300
341,1993-12-31,Canola,Saskatchewan,1881800,1853500,2381400,1300
342,1993-12-31,Rye,Alberta,50600,32400,81300,2500
343,1993-12-31,Rye,Canada,241400,161100,318600,2000
344,1993-12-31,Rye,Saskatchewan,133600,91100,165100,1800
345,1993-12-31,Wheat,Alberta,2994700,2861100,7620200,2700
346,1993-12-31,Wheat,Canada,12982500,12374700,27225900,2200
347,1993-12-31,Wheat,Saskatchewan,7588000,7241900,15031200,2100
348,1994-12-31,Barley,Alberta,1983000,1841300,5464900,3000
349,1994-12-31,Barley,Canada,4329600,4093000,11692000,2900
350,1994-12-31,Barley,Saskatchewan,1537800,1477100,3919000,2700
351,1994-12-31,Canola,Alberta,2023400,2023400,2472100,1200
352,1994-12-31,Canola,Canada,5797100,5754600,7232500,1300
353,1994-12-31,Canola,Saskatchewan,2670900,2650700,3175100,1200
354,1994-12-31,Rye,Alberta,54600,40500,88900,2200
355,1994-12-31,Rye,Canada,239200,188300,399700,2100
356,1994-12-31,Rye,Saskatchewan,129500,109200,221000,2000
357,1994-12-31,Wheat,Alberta,2505000,2458500,5592700,2300
358,1994-12-31,Wheat,Canada,10997400,10773400,22919500,2100
359,1994-12-31,Wheat,Saskatchewan,6428400,6264400,12110900,1900
360,1995-12-31,Barley,Alberta,2084100,1902000,6335800,3300
361,1995-12-31,Barley,Canada,4654300,4363300,13032500,3000
362,1995-12-31,Barley,Saskatchewan,1740100,1659200,4354500,2600
363,1995-12-31,Canola,Alberta,1800900,1780600,2449400,1400
364,1995-12-31,Canola,Canada,5344000,5271000,6434200,1200
365,1995-12-31,Canola,Saskatchewan,2509100,2468600,2630800,1100
366,1995-12-31,Rye,Alberta,46500,30300,66100,2200
367,1995-12-31,Rye,Canada,215300,162000,309600,1900
368,1995-12-31,Rye,Saskatchewan,101200,80900,139700,1700
369,1995-12-31,Wheat,Alberta,2723500,2678900,7266500,2700
370,1995-12-31,Wheat,Canada,11365800,11122700,24989400,2200
371,1995-12-31,Wheat,Saskatchewan,6620600,6436500,12663500,2000
372,1996-12-31,Barley,Alberta,2347200,2144800,7076000,3300
373,1996-12-31,Barley,Canada,5238025,4887800,15562000,3200
374,1996-12-31,Barley,Saskatchewan,1902000,1780600,5356000,3000
375,1996-12-31,Canola,Alberta,1274800,1214100,1701000,1400
376,1996-12-31,Canola,Canada,3540311,3451000,5062300,1500
377,1996-12-31,Canola,Saskatchewan,1578300,1570200,2222600,1400
378,1996-12-31,Rye,Alberta,44500,32300,64100,2000
379,1996-12-31,Rye,Canada,218265,161700,309400,1900
380,1996-12-31,Rye,Saskatchewan,101200,76900,134600,1800
381,1996-12-31,Wheat,Alberta,2974500,2909600,7789100,2700
382,1996-12-31,Wheat,Canada,12488361,12262500,29801400,2400
383,1996-12-31,Wheat,Saskatchewan,7353100,7264100,16547000,2300
384,1997-12-31,Barley,Alberta,2266200,2043700,6270500,3100
385,1997-12-31,Barley,Canada,5021500,4702000,13533900,2900
386,1997-12-31,Barley,Saskatchewan,1821100,1760400,4430700,2500
387,1997-12-31,Canola,Alberta,1618700,1598500,2109200,1300
388,1997-12-31,Canola,Canada,4905900,4869500,6393100,1300
389,1997-12-31,Canola,Saskatchewan,2266200,2266200,2698900,1010
390,1997-12-31,Rye,Alberta,46500,28300,66100,2300
391,1997-12-31,Rye,Canada,208000,162000,320000,2000
392,1997-12-31,Rye,Saskatchewan,87000,76900,138500,1800
393,1997-12-31,Wheat,Alberta,2721600,2681000,6839300,2600
394,1997-12-31,Wheat,Canada,11576100,11416000,24299400,2100
395,1997-12-31,Wheat,Saskatchewan,6956400,6889800,13070300,1900
396,1998-12-31,Barley,Alberta,2104400,1861600,5660800,3000
397,1998-12-31,Barley,Canada,4632300,4272100,12708700,3000
398,1998-12-31,Barley,Saskatchewan,1639000,1558000,4310900,2800
399,1998-12-31,Canola,Alberta,1760400,1740100,2472100,1400
400,1998-12-31,Canola,Canada,5477400,5428800,7643300,1400
401,1998-12-31,Canola,Saskatchewan,2529300,2509100,3231800,1300
402,1998-12-31,Rye,Alberta,58700,38500,77500,2000
403,1998-12-31,Rye,Canada,267300,207600,408200,2000
404,1998-12-31,Rye,Saskatchewan,117400,91100,152400,1700
405,1998-12-31,Wheat,Alberta,2755800,2707300,6752300,2500
406,1998-12-31,Wheat,Canada,10870600,10679700,24082300,2300
407,1998-12-31,Wheat,Saskatchewan,6404200,6274700,12600700,2000
408,1999-12-31,Barley,Alberta,1922300,1699700,5987400,3500
409,1999-12-31,Barley,Canada,4409100,4069300,13196000,3200
410,1999-12-31,Barley,Saskatchewan,1719900,1639000,4942300,3000
411,1999-12-31,Canola,Alberta,1841300,1829200,2971000,1600
412,1999-12-31,Canola,Canada,5598700,5564300,8798300,1600
413,1999-12-31,Canola,Saskatchewan,2670900,2658800,3975700,1500
414,1999-12-31,Rye,Alberta,50600,30400,72400,2400
415,1999-12-31,Rye,Canada,225000,168700,386600,2300
416,1999-12-31,Rye,Saskatchewan,97200,78900,168400,2100
417,1999-12-31,Wheat,Alberta,2909800,2885500,8219200,2800
418,1999-12-31,Wheat,Canada,10469000,10380800,26959900,2600
419,1999-12-31,Wheat,Saskatchewan,5859700,5819300,13839500,2400
420,2000-12-31,Barley,Alberta,2185300,1740100,5268900,3000
421,2000-12-31,Barley,Canada,5101300,4468100,13228600,3000
422,2000-12-31,Barley,Saskatchewan,2063900,1922300,5301600,2800
423,2000-12-31,Canola,Alberta,1537800,1497300,2188600,1500
424,2000-12-31,Canola,Canada,4937000,4859200,7205300,1500
425,2000-12-31,Canola,Saskatchewan,2387600,2371500,3424600,1400
426,2000-12-31,Rye,Alberta,50600,20200,42500,2100
427,2000-12-31,Rye,Canada,188200,114500,260300,2300
428,2000-12-31,Rye,Saskatchewan,66800,46500,97800,2100
429,2000-12-31,Wheat,Alberta,2930700,2811300,7123700,2500
430,2000-12-31,Wheat,Canada,11072200,10854800,26535500,2400
431,2000-12-31,Wheat,Saskatchewan,6145100,6080300,13411800,2200
432,2001-12-31,Barley,Alberta,1983000,1618700,4746400,2900
433,2001-12-31,Barley,Canada,4700200,4149500,10845600,2600
434,2001-12-31,Barley,Saskatchewan,1861600,1719900,3655600,2100
435,2001-12-31,Canola,Alberta,1092700,1080500,1655600,1500
436,2001-12-31,Canola,Canada,3826800,3785200,5017100,1300
437,2001-12-31,Canola,Saskatchewan,1922300,1902000,2154600,1100
438,2001-12-31,Rye,Alberta,52600,34400,58400,1700
439,2001-12-31,Rye,Canada,181400,123000,227800,1900
440,2001-12-31,Rye,Saskatchewan,54700,42400,68600,1600
441,2001-12-31,Wheat,Alberta,2808500,2622300,5864900,2200
442,2001-12-31,Wheat,Canada,10950500,10605500,20630200,1900
443,2001-12-31,Wheat,Saskatchewan,6163300,6048000,9850800,1600
444,2002-12-31,Barley,Alberta,2169100,1127000,2547400,2300
445,2002-12-31,Barley,Canada,5070200,3341800,7467700,2200
446,2002-12-31,Barley,Saskatchewan,2043700,1416400,2525600,1800
447,2002-12-31,Canola,Alberta,1193800,1011700,1224700,1200
448,2002-12-31,Canola,Canada,3876800,3628000,4520500,1200
449,2002-12-31,Canola,Saskatchewan,1746200,1699700,1769000,1000
450,2002-12-31,Rye,Alberta,46500,10100,16100,1600
451,2002-12-31,Rye,Canada,159900,76800,133800,1700
452,2002-12-31,Rye,Saskatchewan,50600,22200,27900,1300
453,2002-12-31,Wheat,Alberta,2557200,1856700,3522400,1900
454,2002-12-31,Wheat,Canada,10370400,8710500,15961300,1800
455,2002-12-31,Wheat,Saskatchewan,6046000,5111200,7484300,1500
456,2003-12-31,Barley,Alberta,2144800,1788700,5421300,3000
457,2003-12-31,Barley,Canada,4989400,4397100,12164200,2800
458,2003-12-31,Barley,Saskatchewan,2063900,1881800,4354500,2300
459,2003-12-31,Canola,Alberta,1355700,1335500,2222600,1700
460,2003-12-31,Canola,Canada,4735700,4689200,6771200,1400
461,2003-12-31,Canola,Saskatchewan,2306700,2286500,2676200,1200
462,2003-12-31,Rye,Alberta,89000,36400,82800,2300
463,2003-12-31,Rye,Canada,246400,147300,327100,2200
464,2003-12-31,Rye,Saskatchewan,91000,64800,129500,2000
465,2003-12-31,Wheat,Alberta,2554800,2479800,6429600,2600
466,2003-12-31,Wheat,Canada,10413300,10214500,23048600,2300
467,2003-12-31,Wheat,Saskatchewan,5948900,5853800,10174500,1700
468,2004-12-31,Barley,Alberta,1910100,1598500,5628200,3500
469,2004-12-31,Barley,Canada,4432100,3840700,12556700,3300
470,2004-12-31,Barley,Saskatchewan,1800900,1598500,4681100,2900
471,2004-12-31,Canola,Alberta,1608600,1527700,2925700,1900
472,2004-12-31,Canola,Canada,5218200,4867000,7673600,1600
473,2004-12-31,Canola,Saskatchewan,2428100,2266200,2880300,1300
474,2004-12-31,Rye,Alberta,66800,30300,77500,2600
475,2004-12-31,Rye,Canada,258200,156800,397500,2500
476,2004-12-31,Rye,Saskatchewan,113300,68700,165100,2400
477,2004-12-31,Wheat,Alberta,2561600,2470600,7571400,3100
478,2004-12-31,Wheat,Canada,9885100,9388900,24795500,2600
479,2004-12-31,Wheat,Saskatchewan,5578400,5246800,11561700,2200
480,2005-12-31,Barley,Alberta,1709800,1456900,5231900,3600
481,2005-12-31,Barley,Canada,4142600,3634000,11677600,3200
482,2005-12-31,Barley,Saskatchewan,1800900,1639000,4968500,3000
483,2005-12-31,Canola,Alberta,1740100,1719900,3651400,2100
484,2005-12-31,Canola,Canada,5369900,5175400,9483300,1800
485,2005-12-31,Canola,Saskatchewan,2549500,2519200,4456500,1800
486,2005-12-31,Rye,Alberta,60700,28300,79000,2800
487,2005-12-31,Rye,Canada,207600,136100,330400,2400
488,2005-12-31,Rye,Saskatchewan,87000,64700,156200,2400
489,2005-12-31,Wheat,Alberta,2669700,2610300,8371400,3200
490,2005-12-31,Wheat,Canada,9653900,9403800,25748100,2700
491,2005-12-31,Wheat,Saskatchewan,5333700,5212300,12972200,2500
492,2006-12-31,Barley,Alberta,1657100,1375900,4404600,3200
493,2006-12-31,Barley,Canada,3689900,3222900,9573100,3000
494,2006-12-31,Barley,Saskatchewan,1425500,1295000,3396500,2600
495,2006-12-31,Canola,Alberta,1821100,1813000,3424600,1900
496,2006-12-31,Canola,Canada,5283300,5238200,9000300,1700
497,2006-12-31,Canola,Saskatchewan,2418900,2387600,3696800,1500
498,2006-12-31,Rye,Alberta,85000,22300,57200,2600
499,2006-12-31,Rye,Canada,276200,163900,382900,2300
500,2006-12-31,Rye,Saskatchewan,115300,85000,189200,2200
501,2006-12-31,Wheat,Alberta,2626200,2577800,7503400,2900
502,2006-12-31,Wheat,Canada,9852200,9681800,25265400,2600
503,2006-12-31,Wheat,Saskatchewan,5295200,5192100,11103900,2100
504,2007-12-31,Barley,Alberta,1962700,1728000,5114300,3000
505,2007-12-31,Barley,Canada,4364400,3963300,10909800,2800
506,2007-12-31,Barley,Saskatchewan,1740100,1618700,3853700,2400
507,2007-12-31,Canola,Alberta,2037600,2023400,3401900,1700
508,2007-12-31,Canola,Canada,6382200,6332800,9611100,1500
509,2007-12-31,Canola,Saskatchewan,3049300,3025000,4154900,1400
510,2007-12-31,Rye,Alberta,42500,16200,36800,2300
511,2007-12-31,Rye,Canada,167900,115300,252000,2200
512,2007-12-31,Rye,Saskatchewan,64700,50600,99100,2000
513,2007-12-31,Wheat,Alberta,2364100,2300700,6076100,2600
514,2007-12-31,Wheat,Canada,8792700,8616100,20090400,2300
515,2007-12-31,Wheat,Saskatchewan,4809600,4742100,9094800,1900
516,2008-12-31,Barley,Alberta,1679400,1517600,5447500,3600
517,2008-12-31,Barley,Canada,3762300,3503600,11785800,3400
518,2008-12-31,Barley,Saskatchewan,1517600,1456900,4594000,3200
519,2008-12-31,Canola,Alberta,2104400,2092200,4322700,2100
520,2008-12-31,Canola,Canada,6541100,6495900,12644900,1900
521,2008-12-31,Canola,Saskatchewan,3116100,3095800,5629100,1800
522,2008-12-31,Rye,Alberta,40500,20200,57200,2800
523,2008-12-31,Rye,Canada,168000,123400,297200,2400
524,2008-12-31,Rye,Saskatchewan,68800,56700,110500,1900
525,2008-12-31,Wheat,Alberta,2804500,2770100,8736200,3200
526,2008-12-31,Wheat,Canada,10174100,10015500,28619200,2900
527,2008-12-31,Wheat,Saskatchewan,5341800,5271000,12342300,2300
528,2009-12-31,Barley,Alberta,1602600,1226200,3840700,3100
529,2009-12-31,Barley,Canada,3499800,2921600,9528200,3300
530,2009-12-31,Barley,Saskatchewan,1396200,1234300,4080200,3300
531,2009-12-31,Canola,Alberta,2023400,1983000,3628700,1800
532,2009-12-31,Canola,Canada,6689300,6516100,12898100,2000
533,2009-12-31,Canola,Saskatchewan,3298200,3176800,6259600,2000
534,2009-12-31,Rye,Alberta,30400,16200,38100,2400
535,2009-12-31,Rye,Canada,167900,115400,280500,2400
536,2009-12-31,Rye,Saskatchewan,80900,52600,105700,2000
537,2009-12-31,Wheat,Alberta,2871300,2705300,7440700,2800
538,2009-12-31,Wheat,Canada,10083500,9660400,26949900,2800
539,2009-12-31,Wheat,Saskatchewan,5305500,5165800,12993500,2500
540,2010-12-31,Barley,Alberta,1509500,1264600,4528700,3600
541,2010-12-31,Barley,Canada,2798500,2394100,7627200,3200
542,2010-12-31,Barley,Saskatchewan,864000,750700,1937700,2600
543,2010-12-31,Canola,Alberta,2246000,2225800,4740000,2100
544,2010-12-31,Canola,Canada,7116800,6857900,12788600,1900
545,2010-12-31,Canola,Saskatchewan,3439800,3288100,5692600,1700
546,2010-12-31,Rye,Alberta,28300,18200,50800,2800
547,2010-12-31,Rye,Canada,131500,97200,237400,2400
548,2010-12-31,Rye,Saskatchewan,58700,40500,87600,2200
549,2010-12-31,Wheat,Alberta,2662800,2602000,8201300,3200
550,2010-12-31,Wheat,Canada,8552300,8296100,23299600,2800
551,2010-12-31,Wheat,Saskatchewan,4160000,4028600,9566300,2400
552,2011-12-31,Barley,Alberta,1461000,1295000,4668000,3600
553,2011-12-31,Barley,Canada,2666400,2401500,7891500,3300
554,2011-12-31,Barley,Saskatchewan,880200,819500,2438500,3000
555,2011-12-31,Canola,Alberta,2457100,2416000,5347900,2200
556,2011-12-31,Canola,Canada,7684700,7589400,14608100,1900
557,2011-12-31,Canola,Saskatchewan,4006400,3986200,7348200,1800
558,2011-12-31,Rye,Alberta,22300,20200,54000,2700
559,2011-12-31,Rye,Canada,123500,95800,241400,2500
560,2011-12-31,Rye,Saskatchewan,52600,42500,96500,2300
561,2011-12-31,Wheat,Alberta,2722500,2677900,8839600,3300
562,2011-12-31,Wheat,Canada,8726200,8552500,25288000,3000
563,2011-12-31,Wheat,Saskatchewan,4516300,4437300,11525800,2600
564,2012-12-31,Barley,Alberta,1537800,1384000,4463300,3200
565,2012-12-31,Barley,Canada,3014800,2764700,8012300,2900
566,2012-12-31,Barley,Saskatchewan,1062300,995500,2351400,2400
567,2012-12-31,Canola,Alberta,2711400,2691200,5097200,1900
568,2012-12-31,Canola,Canada,8974400,8860100,13868500,1600
569,2012-12-31,Canola,Saskatchewan,4694400,4613400,6486400,1400
570,2012-12-31,Rye,Alberta,16200,12100,34300,2800
571,2012-12-31,Rye,Canada,135600,119300,336600,2800
572,2012-12-31,Rye,Saskatchewan,60700,56700,148600,2600
573,2012-12-31,Wheat,Alberta,2658700,2624400,8368800,3200
574,2012-12-31,Wheat,Canada,9587900,9479100,27246000,2900
575,2012-12-31,Wheat,Saskatchewan,5224500,5179900,12727300,2500
576,2013-12-31,Barley,Alberta,1497300,1363800,5545400,4100
577,2013-12-31,Barley,Canada,2913200,2687400,10281600,3800
578,2013-12-31,Barley,Saskatchewan,1023900,959100,3411700,3600
579,2013-12-31,Canola,Alberta,2565700,2555600,6168900,2400
580,2013-12-31,Canola,Canada,8274100,8233400,18551000,2300
581,2013-12-31,Canola,Saskatchewan,4309900,4289700,9178400,2100
582,2013-12-31,Rye,Alberta,16200,12100,36300,3000
583,2013-12-31,Rye,Canada,109300,86900,222900,2600
584,2013-12-31,Rye,Saskatchewan,40500,34400,71100,2100
585,2013-12-31,Wheat,Alberta,2929900,2897600,11329000,3900
586,2013-12-31,Wheat,Canada,10631600,10447200,37589100,3600
587,2013-12-31,Wheat,Saskatchewan,5690000,5627100,18298300,3300
588,2014-12-31,Barley,Alberta,1315200,1157400,4131300,3600
589,2014-12-31,Barley,Canada,2417100,2167200,7116800,3300
590,2014-12-31,Barley,Saskatchewan,817500,752700,2172900,2900
591,2014-12-31,Canola,Alberta,2751900,2739700,5796900,2100
592,2014-12-31,Canola,Canada,8457900,8392400,16410100,2000
593,2014-12-31,Canola,Saskatchewan,4350400,4309900,7971900,1800
594,2014-12-31,Rye,Alberta,16200,12100,30900,2600
595,2014-12-31,Rye,Canada,111300,88200,217500,2500
596,2014-12-31,Rye,Saskatchewan,44500,38400,80300,2100
597,2014-12-31,Wheat,Alberta,2786300,2727700,9372800,3400
598,2014-12-31,Wheat,Canada,9869400,9553500,29442100,3100
599,2014-12-31,Wheat,Saskatchewan,5331800,5194100,14158100,2700
600,2015-12-31,Barley,Alberta,1416400,1167500,4289200,3700
601,2015-12-31,Barley,Canada,2699300,2352300,8256600,3500
602,2015-12-31,Barley,Saskatchewan,947000,876100,2863100,3300
603,2015-12-31,Canola,Alberta,2535400,2519200,5851300,2300
604,2015-12-31,Canola,Canada,8411300,8364400,18376500,2200
605,2015-12-31,Canola,Saskatchewan,4512200,4492000,9536800,2100
606,2015-12-31,Rye,Alberta,18200,12100,33000,2700
607,2015-12-31,Rye,Canada,120400,94500,225500,2400
608,2015-12-31,Rye,Saskatchewan,40500,32400,53300,1600
609,2015-12-31,Wheat,Alberta,2824700,2715400,8290000,3100
610,2015-12-31,Wheat,Canada,9788100,9558300,27647400,2900
611,2015-12-31,Wheat,Saskatchewan,5202300,5137400,13044500,2500
612,2016-12-31,Barley,Alberta,1381600,1076500,4398000,4100
613,2016-12-31,Barley,Canada,2701800,2265700,8839400,3900
614,2016-12-31,Barley,Saskatchewan,1001600,898400,3374700,3800
615,2016-12-31,Canola,Alberta,2495200,2422000,6157500,2500
616,2016-12-31,Canola,Canada,8410900,8263300,19599200,2400
617,2016-12-31,Canola,Saskatchewan,4552700,4522400,10682100,2400
618,2016-12-31,Rye,Alberta,32800,21000,59700,2800
619,2016-12-31,Rye,Canada,186000,139700,436000,3100
620,2016-12-31,Rye,Saskatchewan,54600,48600,152900,3100
621,2016-12-31,Wheat,Alberta,2842600,2585500,10106600,3900
622,2016-12-31,Wheat,Canada,9624800,8976300,32139900,3600
623,2016-12-31,Wheat,Saskatchewan,4904800,4568900,14548600,3200
624,2017-12-31,Barley,Alberta,1153400,1011700,3906000,3900
625,2017-12-31,Barley,Canada,2333500,2113500,7891300,3700
626,2017-12-31,Barley,Saskatchewan,940900,878200,3135200,3600
627,2017-12-31,Canola,Alberta,2804500,2788300,6826600,2400
628,2017-12-31,Canola,Canada,9313400,9273100,21458100,2300
629,2017-12-31,Canola,Saskatchewan,5151600,5131400,11311000,2200
630,2017-12-31,Rye,Alberta,18200,10100,33500,3300
631,2017-12-31,Rye,Canada,143600,100700,341300,3390
632,2017-12-31,Rye,Saskatchewan,40500,35600,113000,3200
633,2017-12-31,Wheat,Alberta,2865200,2818600,9980100,3500
634,2017-12-31,Wheat,Canada,9126200,8983300,30377300,3382
635,2017-12-31,Wheat,Saskatchewan,4587100,4541800,13185400,2323
636,2018-12-31,Barley,Alberta,1260200,1111600,3996300,3595
637,2018-12-31,Barley,Canada,2627700,2395000,8379700,3499
638,2018-12-31,Barley,Saskatchewan,1089400,1020000,3439200,3372
639,2018-12-31,Canola,Alberta,2755900,2703000,5870600,2172
640,2018-12-31,Canola,Canada,9232200,9119700,20724000,2272
641,2018-12-31,Canola,Saskatchewan,4997900,4955000,11308000,2282
642,2018-12-31,Rye,Alberta,16000,9100,30000,3333
643,2018-12-31,Rye,Canada,135400,78900,236400,2995
644,2018-12-31,Rye,Saskatchewan,30400,21600,47400,2194
645,2018-12-31,Wheat,Alberta,3053100,2991300,10006100,3345
646,2018-12-31,Wheat,Canada,10073100,9880900,32351900,3274
647,2018-12-31,Wheat,Saskatchewan,5255700,5176200,14877100,2874
648,2019-12-31,Barley,Alberta,1441900,1272700,4955200,3890
649,2019-12-31,Barley,Canada,2995700,2727500,10382600,3810
650,2019-12-31,Barley,Saskatchewan,1274800,1194000,4449200,3730
651,2019-12-31,Canola,Alberta,2401200,2355600,5320100,2259
652,2019-12-31,Canola,Canada,8571700,8456300,19607000,2319
653,2019-12-31,Canola,Saskatchewan,4765200,4741300,11089000,2339
654,2019-12-31,Rye,Alberta,26600,7800,26800,3436
655,2019-12-31,Rye,Canada,174700,102600,333400,3249
656,2019-12-31,Rye,Saskatchewan,47400,35500,102800,2895
657,2019-12-31,Wheat,Alberta,3020000,2917300,10263200,3518
658,2019-12-31,Wheat,Canada,10125700,9655600,32669800,3384
659,2019-12-31,Wheat,Saskatchewan,5226800,5066400,15360800,3032
660,2020-12-31,Barley,Alberta,1481800,1326200,5283000,3980
661,2020-12-31,Barley,Canada,3059900,2808700,10740600,3820
662,2020-12-31,Barley,Saskatchewan,1264400,1187300,4385100,3690
663,2020-12-31,Canola,Alberta,2377900,2313500,5212100,2253
664,2020-12-31,Canola,Canada,8410400,8319800,18719700,2250
665,2020-12-31,Canola,Saskatchewan,4588800,4574100,10202900,2231
666,2020-12-31,Rye,Alberta,41600,29200,107400,3691
667,2020-12-31,Rye,Canada,236700,153000,487800,3188
668,2020-12-31,Rye,Saskatchewan,58200,47400,122000,2572
669,2020-12-31,Wheat,Alberta,3014300,2944700,11041000,3750
670,2020-12-31,Wheat,Canada,10193600,10017800,35183000,3512
671,2020-12-31,Wheat,Saskatchewan,5203700,5175400,15984200,3088
